<?xml version="1.0" encoding="UTF-8" standalone="yes"?>
<addon id="plugin.video.chakra.dn" name="DN!" version="1.0.5" provider-name="Cherian Mathew (chakravyu)">
  <requires>
    <import addon="xbmc.python" version="2.1.0"/>
    <import addon="script.module.xbmcswift2" version="2.4.0"/>
    <import addon="script.module.beautifulsoup" version="3.0.8" />
  </requires>
  <extension point="xbmc.python.pluginsource" library="addon.py">
    <provides>video</provides>
  </extension>
  <extension point="xbmc.addon.metadata">
    <platform>all</platform>
    <summary>Democracy Now!</summary>
    <description>Addon for watching daily shows from the independent news organisation, Democracy Now</description>
    <disclaimer>This software makes no warranties, expressed or implied, and hereby disclaims and negates all other warranties, including without limitation, implied warranties or conditions of merchantability, fitness for a particular purpose, or non-infringement of intellectual property or other violation of rights. Further, this software does not warrant or make any representations concerning the accuracy, likely results, or reliability of the use of the materials on the internet web site where from data is retrieved or otherwise relating to such materials or on any sites linked to this addon. Videos are sourced from video-hosting websites that are having full rights to remove such access to video if required.</disclaimer>

  </extension>
</addon>
