<?xml version="1.0" encoding="UTF-8" standalone="yes"?>
<addon id="repository.xbmc.chakra" name="Chakravyu's XBMC Addons" version="1.0.0" provider-name="Cherian Mathew (chakravyu)">
  <extension point="xbmc.addon.repository" name="Chakravyu' XBMC Addon Repository">
    <info compressed="false">https://github.com/chakravyu/repository.xbmc.chakra/raw/master/addons.xml</info>
    <checksum>https://github.com/chakravyu/repository.xbmc.chakra/raw/master/addons.xml.md5</checksum>
    <datadir zip="true">https://github.com/chakravyu/repository.xbmc.chakra/raw/master/release/</datadir>
  </extension>
  <extension point="xbmc.addon.metadata">
    <summary>Install chakravyu's Addons</summary>
    <description>Download and install addons by chakravyu</description>
    <platform>all</platform>
  </extension>
</addon>