<?xml version="1.0" encoding="UTF-8" standalone="yes"?>
<addon id="plugin.video.chakra.nfdc" name="NFDC" version="1.0.0" provider-name="Cherian Mathew (chakravyu)">
  <requires>
    <import addon="xbmc.python" version="2.1.0"/>
    <import addon="script.module.xbmcswift2" version="2.4.0"/>
    <import addon="script.module.beautifulsoup" version="3.0.8" />
  </requires>
  <extension point="xbmc.python.pluginsource" library="addon.py">
    <provides>video</provides>
  </extension>
  <extension point="xbmc.addon.metadata">
    <platform>all</platform>    
    <summary>NFDC(India)</summary>
    <description>Addon for watching free online movies produced by the National Film Development Corporation made available via their Cinemas of India</description>
  </extension>
</addon>
